Loan_ID,loan_status,Principal,terms,effective_date,due_date,past_due_days,age,Gender,loan_duration,check_duration,effective_month,effective_day,effective_weekday,Principal_log,education_High School or Below,education_Master or Above,education_college,education,Gender_label
xqd20160234,PAIDOFF,1000,30,2016-09-12,2016-10-11,0.0,36,male,30,True,9,12,0,6.90875477931522,True,False,False,High School or Below,0
xqd20160329,COLLECTION,1000,30,2016-09-11,2016-10-10,59.0,24,female,30,True,9,11,6,6.90875477931522,True,False,False,High School or Below,1
xqd20160179,PAIDOFF,1000,30,2016-09-12,2016-10-11,0.0,21,male,30,True,9,12,0,6.90875477931522,True,False,False,High School or Below,0
xqd20160454,COLLECTION_PAIDOFF,1000,30,2016-09-12,2016-10-11,3.0,26,male,30,True,9,12,0,6.90875477931522,True,False,False,High School or Below,0
xqd20320403,COLLECTION_PAIDOFF,1000,30,2016-09-09,2016-11-07,13.0,39,male,60,False,9,9,4,6.90875477931522,False,False,True,college,0
xqd20160442,COLLECTION_PAIDOFF,1000,15,2016-09-11,2016-09-25,2.0,28,male,15,True,9,11,6,6.90875477931522,False,False,True,college,0
xqd20160488,COLLECTION_PAIDOFF,1000,30,2016-09-12,2016-10-11,2.0,35,male,30,True,9,12,0,6.90875477931522,False,False,False,Bechalor,0
xqd20160023,PAIDOFF,1000,30,2016-09-10,2016-10-09,0.0,25,male,30,True,9,10,5,6.90875477931522,True,False,False,High School or Below,0
xqd20160211,PAIDOFF,1000,15,2016-09-12,2016-09-26,0.0,27,male,15,True,9,12,0,6.90875477931522,True,False,False,High School or Below,0
xqd20160124,PAIDOFF,1000,15,2016-09-11,2016-09-25,0.0,23,male,15,True,9,11,6,6.90875477931522,False,False,True,college,0
xqd20160112,PAIDOFF,1000,30,2016-09-11,2016-11-09,0.0,27,female,60,False,9,11,6,6.90875477931522,False,False,True,college,1
xqd20160087,PAIDOFF,1000,30,2016-09-11,2016-10-10,0.0,24,female,30,True,9,11,6,6.90875477931522,True,False,False,High School or Below,1
xqd20160012,PAIDOFF,1000,15,2016-09-10,2016-10-09,0.0,39,male,30,False,9,10,5,6.90875477931522,True,False,False,High School or Below,0
xqd20160256,PAIDOFF,1000,30,2016-09-13,2016-10-12,0.0,31,male,30,True,9,13,1,6.90875477931522,False,False,True,college,0
xqd20160224,PAIDOFF,1000,15,2016-09-12,2016-09-26,0.0,30,male,15,True,9,12,0,6.90875477931522,True,False,False,High School or Below,0
xqd20160415,COLLECTION_PAIDOFF,1000,30,2016-09-11,2016-10-10,2.0,36,female,30,True,9,11,6,6.90875477931522,True,False,False,High School or Below,1
xqd20160068,PAIDOFF,1000,30,2016-09-11,2016-10-10,0.0,37,male,30,True,9,11,6,6.90875477931522,True,False,False,High School or Below,0
xqd20160335,COLLECTION,1000,30,2016-09-11,2016-10-10,59.0,38,female,30,True,9,11,6,6.90875477931522,False,False,True,college,1
xqd20160181,PAIDOFF,1000,15,2016-09-12,2016-09-26,0.0,31,female,15,True,9,12,0,6.90875477931522,True,False,False,High School or Below,1
xqd20160017,PAIDOFF,1000,30,2016-09-10,2016-10-09,0.0,40,male,30,True,9,10,5,6.90875477931522,True,False,False,High School or Below,0
xqd20160024,PAIDOFF,1000,15,2016-09-10,2016-09-24,0.0,26,male,15,True,9,10,5,6.90875477931522,False,False,True,college,0
xqd20160347,COLLECTION,1000,30,2016-09-11,2016-11-09,29.0,31,male,60,False,9,11,6,6.90875477931522,True,False,False,High School or Below,0
xqd20160396,COLLECTION,1000,30,2016-09-11,2016-10-10,59.0,25,male,30,True,9,11,6,6.90875477931522,True,False,False,High School or Below,0
xqd20160258,PAIDOFF,1000,15,2016-09-13,2016-09-27,0.0,37,female,15,True,9,13,1,6.90875477931522,False,False,True,college,1
xqd20160116,PAIDOFF,1000,15,2016-09-11,2016-09-25,0.0,25,male,15,True,9,11,6,6.90875477931522,True,False,False,High School or Below,0
xqd20160079,PAIDOFF,1000,30,2016-09-11,2016-10-10,0.0,37,female,30,True,9,11,6,6.90875477931522,False,False,True,college,1
xqd20160169,PAIDOFF,1000,15,2016-09-12,2016-09-26,0.0,35,male,15,True,9,12,0,6.90875477931522,True,False,False,High School or Below,0
xqd20160085,PAIDOFF,1000,30,2016-09-11,2016-10-10,0.0,37,female,30,True,9,11,6,6.90875477931522,True,False,False,High School or Below,1
xqd20160147,PAIDOFF,1000,30,2016-09-11,2016-11-09,0.0,26,female,60,False,9,11,6,6.90875477931522,False,False,True,college,1
xqd20160018,PAIDOFF,1000,15,2016-09-10,2016-09-24,0.0,32,male,15,True,9,10,5,6.90875477931522,True,False,False,High School or Below,0
xqd20160165,PAIDOFF,1000,15,2016-09-12,2016-09-26,0.0,25,male,15,True,9,12,0,6.90875477931522,True,False,False,High School or Below,0
xqd20160081,PAIDOFF,1000,30,2016-09-11,2016-10-10,0.0,28,male,30,True,9,11,6,6.90875477931522,True,False,False,High School or Below,0
xqd20160185,PAIDOFF,1000,30,2016-09-12,2016-10-11,0.0,27,male,30,True,9,12,0,6.90875477931522,True,False,False,High School or Below,0
xqd20160155,PAIDOFF,1000,30,2016-09-12,2016-10-11,0.0,34,male,30,True,9,12,0,6.90875477931522,False,False,True,college,0
xqd20160465,COLLECTION_PAIDOFF,1000,30,2016-09-12,2016-11-10,1.0,42,female,60,False,9,12,0,6.90875477931522,True,False,False,High School or Below,1
xqd20160123,PAIDOFF,1000,15,2016-09-11,2016-10-25,0.0,20,male,45,False,9,11,6,6.90875477931522,False,False,True,college,0
xqd20160249,PAIDOFF,1000,30,2016-09-13,2016-10-12,0.0,35,male,30,True,9,13,1,6.90875477931522,True,False,False,High School or Below,0
xqd20160222,PAIDOFF,1000,30,2016-09-12,2016-10-11,0.0,39,male,30,True,9,12,0,6.90875477931522,False,False,True,college,0
xqd20160474,COLLECTION_PAIDOFF,1000,30,2016-09-12,2016-10-11,3.0,30,male,30,True,9,12,0,6.90875477931522,True,False,False,High School or Below,0
xqd20160048,PAIDOFF,1000,30,2016-09-11,2016-10-10,0.0,32,male,30,True,9,11,6,6.90875477931522,False,False,True,college,0
xqd20160099,PAIDOFF,1000,30,2016-09-11,2016-10-10,0.0,22,male,30,True,9,11,6,6.90875477931522,True,False,False,High School or Below,0
xqd20160443,COLLECTION_PAIDOFF,1000,30,2016-09-11,2016-10-10,1.0,24,male,30,True,9,11,6,6.90875477931522,True,False,False,High School or Below,0
xqd20160106,PAIDOFF,1000,30,2016-09-11,2016-10-10,0.0,30,male,30,True,9,11,6,6.90875477931522,False,False,True,college,0
xqd20160401,COLLECTION_PAIDOFF,1000,30,2016-09-09,2016-10-08,2.0,26,male,30,True,9,9,4,6.90875477931522,False,False,True,college,0
xqd20160269,PAIDOFF,1000,30,2016-09-14,2016-10-13,0.0,42,male,30,True,9,14,2,6.90875477931522,True,False,False,High School or Below,0
xqd20790437,COLLECTION_PAIDOFF,1000,30,2016-09-11,2016-10-10,36.0,24,male,30,True,9,11,6,6.90875477931522,True,False,False,High School or Below,0
xqd20160363,COLLECTION,1000,30,2016-09-11,2016-10-10,59.0,26,male,30,True,9,11,6,6.90875477931522,True,False,False,High School or Below,0
xqd20160057,PAIDOFF,1000,30,2016-09-11,2016-10-10,0.0,27,male,30,True,9,11,6,6.90875477931522,True,False,False,High School or Below,0
xqd20160316,COLLECTION,1000,15,2016-09-10,2016-10-09,60.0,26,male,30,False,9,10,5,6.90875477931522,True,False,False,High School or Below,0
xqd20160109,PAIDOFF,1000,30,2016-09-11,2016-10-10,0.0,28,male,30,True,9,11,6,6.90875477931522,False,False,True,college,0
xqd20160357,COLLECTION,1000,30,2016-09-11,2016-10-10,59.0,45,male,30,True,9,11,6,6.90875477931522,True,False,False,High School or Below,0
xqd20160459,COLLECTION_PAIDOFF,1000,30,2016-09-12,2016-10-11,2.0,34,male,30,True,9,12,0,6.90875477931522,False,False,True,college,0
xqd20160101,PAIDOFF,1000,7,2016-09-11,2016-09-17,0.0,29,male,7,True,9,11,6,6.90875477931522,True,False,False,High School or Below,0
xqd20160446,COLLECTION_PAIDOFF,1000,15,2016-09-11,2016-09-25,2.0,29,male,15,True,9,11,6,6.90875477931522,False,False,True,college,0
xqd20160200,PAIDOFF,1000,30,2016-09-12,2016-10-11,0.0,29,male,30,True,9,12,0,6.90875477931522,False,False,True,college,0
xqd20160300,PAIDOFF,1000,30,2016-09-14,2016-10-13,0.0,28,male,30,True,9,14,2,6.90875477931522,False,False,True,college,0
xqd20160041,PAIDOFF,1000,15,2016-09-11,2016-09-25,0.0,32,female,15,True,9,11,6,6.90875477931522,False,False,True,college,1
xqd20160274,PAIDOFF,1000,30,2016-09-14,2016-10-13,0.0,35,male,30,True,9,14,2,6.90875477931522,True,False,False,High School or Below,0
xqd20160008,PAIDOFF,1000,30,2016-09-09,2016-10-08,0.0,36,male,30,True,9,9,4,6.90875477931522,False,False,True,college,0
xqd20160491,COLLECTION_PAIDOFF,1000,30,2016-09-12,2016-10-11,6.0,38,male,30,True,9,12,0,6.90875477931522,True,False,False,High School or Below,0
xqd20160406,COLLECTION_PAIDOFF,1000,30,2016-09-10,2016-10-09,12.0,27,male,30,True,9,10,5,6.90875477931522,False,False,True,college,0
xqd20160278,PAIDOFF,1000,30,2016-09-14,2016-10-13,0.0,31,male,30,True,9,14,2,6.90875477931522,False,False,True,college,0
xqd20160284,PAIDOFF,1000,30,2016-09-14,2016-10-13,0.0,30,male,30,True,9,14,2,6.90875477931522,True,False,False,High School or Below,0
xqd20160073,PAIDOFF,1000,30,2016-09-11,2016-10-10,0.0,33,female,30,True,9,11,6,6.90875477931522,False,False,False,Bechalor,1
xqd20160302,COLLECTION,1000,30,2016-09-09,2016-10-08,61.0,37,male,30,True,9,9,4,6.90875477931522,True,False,False,High School or Below,0
xqd20160463,COLLECTION_PAIDOFF,1000,30,2016-09-12,2016-11-10,5.0,26,male,60,False,9,12,0,6.90875477931522,False,False,True,college,0
xqd20160353,COLLECTION,1000,30,2016-09-11,2016-10-10,59.0,35,male,30,True,9,11,6,6.90875477931522,True,False,False,High School or Below,0
xqd20169466,COLLECTION_PAIDOFF,1000,30,2016-09-12,2016-10-11,1.0,49,female,30,True,9,12,0,6.90875477931522,True,False,False,High School or Below,1
xqd20160118,PAIDOFF,1000,30,2016-09-11,2016-10-10,0.0,23,male,30,True,9,11,6,6.90875477931522,True,False,False,High School or Below,0
xqd20160025,PAIDOFF,1000,30,2016-09-10,2016-10-09,0.0,26,male,30,True,9,10,5,6.90875477931522,False,False,True,college,0
xqd20160151,PAIDOFF,1000,15,2016-09-12,2016-10-26,0.0,29,male,45,False,9,12,0,6.90875477931522,False,False,True,college,0
xqd20160356,COLLECTION,1000,15,2016-09-11,2016-10-10,59.0,34,male,30,False,9,11,6,6.90875477931522,False,False,True,college,0
xqd20160326,COLLECTION,1000,30,2016-09-11,2016-10-10,59.0,28,male,30,True,9,11,6,6.90875477931522,False,False,False,Bechalor,0
xqd20160004,PAIDOFF,1000,15,2016-09-08,2016-09-22,0.0,27,male,15,True,9,8,3,6.90875477931522,False,False,True,college,0
xqd20160303,COLLECTION,1000,30,2016-09-09,2016-10-08,61.0,33,male,30,True,9,9,4,6.90875477931522,True,False,False,High School or Below,0
xqd20160259,PAIDOFF,1000,7,2016-09-13,2016-09-19,0.0,25,male,7,True,9,13,1,6.90875477931522,False,False,True,college,0
xqd20160205,PAIDOFF,1000,30,2016-09-12,2016-10-11,0.0,20,male,30,True,9,12,0,6.90875477931522,False,False,True,college,0
xqd20160492,COLLECTION_PAIDOFF,1000,30,2016-09-12,2016-10-11,29.0,27,male,30,True,9,12,0,6.90875477931522,False,False,True,college,0
xqd20160058,PAIDOFF,1000,30,2016-09-11,2016-10-10,0.0,26,male,30,True,9,11,6,6.90875477931522,False,False,False,Bechalor,0
xqd20160351,COLLECTION,1000,30,2016-09-11,2016-10-10,59.0,26,male,30,True,9,11,6,6.90875477931522,True,False,False,High School or Below,0
xqd20160082,PAIDOFF,1000,7,2016-09-11,2016-09-17,0.0,25,male,7,True,9,11,6,6.90875477931522,False,False,True,college,0
xqd20160296,PAIDOFF,1000,30,2016-09-14,2016-10-13,0.0,30,female,30,True,9,14,2,6.90875477931522,False,False,True,college,1
xqd20160215,PAIDOFF,1000,30,2016-09-12,2016-10-11,0.0,35,male,30,True,9,12,0,6.90875477931522,True,False,False,High School or Below,0
xqd20160272,PAIDOFF,1000,30,2016-09-14,2016-10-13,0.0,32,female,30,True,9,14,2,6.90875477931522,False,False,True,college,1
xqd20166231,PAIDOFF,1000,30,2016-09-08,2016-10-07,0.0,45,male,30,True,9,8,3,6.90875477931522,True,False,False,High School or Below,0
xqd20160486,COLLECTION_PAIDOFF,1000,30,2016-09-12,2016-10-11,3.0,38,male,30,True,9,12,0,6.90875477931522,True,False,False,High School or Below,0
xqd20160178,PAIDOFF,1000,30,2016-09-12,2016-10-11,0.0,30,male,30,True,9,12,0,6.90875477931522,False,False,True,college,0
xqd20160268,PAIDOFF,1000,15,2016-09-14,2016-09-28,0.0,24,male,15,True,9,14,2,6.90875477931522,True,False,False,High School or Below,0
xqd20160237,PAIDOFF,1000,30,2016-09-12,2016-10-11,0.0,30,male,30,True,9,12,0,6.90875477931522,False,False,True,college,0
xqd20170088,PAIDOFF,1000,15,2016-09-10,2016-09-24,0.0,34,male,15,True,9,10,5,6.90875477931522,False,False,False,Bechalor,0
xqd20160121,PAIDOFF,1000,30,2016-09-11,2016-10-10,0.0,34,male,30,True,9,11,6,6.90875477931522,False,False,True,college,0
xqd20160489,COLLECTION_PAIDOFF,1000,15,2016-09-12,2016-09-26,13.0,45,male,15,True,9,12,0,6.90875477931522,False,False,True,college,0
xqd20160499,COLLECTION_PAIDOFF,1000,30,2016-09-12,2016-11-10,1.0,38,female,60,False,9,12,0,6.90875477931522,False,False,True,college,1
xqd20160198,PAIDOFF,1000,15,2016-09-12,2016-09-26,0.0,40,male,15,True,9,12,0,6.90875477931522,False,False,True,college,0
xqd20160253,PAIDOFF,1000,30,2016-09-13,2016-10-12,0.0,28,male,30,True,9,13,1,6.90875477931522,True,False,False,High School or Below,0
xqd20160223,PAIDOFF,1000,30,2016-09-12,2016-11-10,0.0,29,male,60,False,9,12,0,6.90875477931522,False,False,True,college,0
xqd20160075,PAIDOFF,1000,15,2016-09-11,2016-09-25,0.0,25,male,15,True,9,11,6,6.90875477931522,False,False,True,college,0
xqd20160245,PAIDOFF,1000,7,2016-09-13,2016-09-19,0.0,31,male,7,True,9,13,1,6.90875477931522,False,False,True,college,0
xqd20390453,COLLECTION_PAIDOFF,1000,15,2016-09-11,2016-09-25,3.0,26,male,15,True,9,11,6,6.90875477931522,True,False,False,High School or Below,0
xqd20160141,PAIDOFF,1000,30,2016-09-11,2016-10-10,0.0,28,male,30,True,9,11,6,6.90875477931522,True,False,False,High School or Below,0
xqd20160469,COLLECTION_PAIDOFF,1000,30,2016-09-12,2016-10-11,4.0,38,male,30,True,9,12,0,6.90875477931522,True,False,False,High School or Below,0
xqd20160400,COLLECTION,1000,30,2016-09-12,2016-10-11,58.0,26,male,30,True,9,12,0,6.90875477931522,False,False,True,college,0
xqd20160029,PAIDOFF,1000,30,2016-09-11,2016-10-10,0.0,31,male,30,True,9,11,6,6.90875477931522,False,False,True,college,0
xqd20160445,COLLECTION_PAIDOFF,1000,30,2016-09-11,2016-10-10,2.0,24,male,30,True,9,11,6,6.90875477931522,True,False,False,High School or Below,0
xqd20160388,COLLECTION,1000,30,2016-09-11,2016-10-10,59.0,36,male,30,True,9,11,6,6.90875477931522,True,False,False,High School or Below,0
xqd20160163,PAIDOFF,1000,30,2016-09-12,2016-10-11,0.0,28,male,30,True,9,12,0,6.90875477931522,True,False,False,High School or Below,0
xqd20160210,PAIDOFF,1000,30,2016-09-12,2016-10-11,0.0,39,male,30,True,9,12,0,6.90875477931522,True,False,False,High School or Below,0
xqd20160484,COLLECTION_PAIDOFF,1000,30,2016-09-12,2016-10-11,7.0,30,male,30,True,9,12,0,6.90875477931522,False,False,True,college,0
xqd20160177,PAIDOFF,1000,30,2016-09-12,2016-10-11,0.0,38,male,30,True,9,12,0,6.90875477931522,True,False,False,High School or Below,0
xqd20160479,COLLECTION_PAIDOFF,1000,15,2016-09-12,2016-10-11,27.0,22,male,30,False,9,12,0,6.90875477931522,True,False,False,High School or Below,0
xqd20160186,PAIDOFF,1000,30,2016-09-12,2016-10-11,0.0,31,female,30,True,9,12,0,6.90875477931522,True,False,False,High School or Below,1
xqd20160014,PAIDOFF,900,7,2016-09-10,2016-09-16,0.0,26,female,7,True,9,10,5,6.803505257608338,False,False,True,college,1
xqd20160318,COLLECTION,1000,15,2016-09-10,2016-09-24,75.0,29,male,15,True,9,10,5,6.90875477931522,True,False,False,High School or Below,0
xqd20160055,PAIDOFF,1000,30,2016-09-11,2016-10-10,0.0,21,male,30,True,9,11,6,6.90875477931522,True,False,False,High School or Below,0
xqd20160077,PAIDOFF,1000,30,2016-09-11,2016-10-10,0.0,31,male,30,True,9,11,6,6.90875477931522,False,False,False,Bechalor,0
xqd20160136,PAIDOFF,1000,30,2016-09-11,2016-10-10,0.0,30,male,30,True,9,11,6,6.90875477931522,True,False,False,High School or Below,0
xqd27160170,PAIDOFF,1000,30,2016-09-12,2016-10-11,0.0,38,male,30,True,9,12,0,6.90875477931522,False,False,True,college,0
xqd20160438,COLLECTION_PAIDOFF,1000,30,2016-09-11,2016-10-10,1.0,34,male,30,True,9,11,6,6.90875477931522,True,False,False,High School or Below,0
xqd20160154,PAIDOFF,1000,15,2016-09-12,2016-09-26,0.0,30,male,15,True,9,12,0,6.90875477931522,False,False,True,college,0
xqd20160341,COLLECTION,1000,30,2016-09-11,2016-10-10,59.0,30,female,30,True,9,11,6,6.90875477931522,True,False,False,High School or Below,1
xqd20160289,PAIDOFF,1000,30,2016-09-14,2016-10-13,0.0,34,male,30,True,9,14,2,6.90875477931522,False,False,False,Bechalor,0
xqd20160221,PAIDOFF,1000,15,2016-09-12,2016-09-26,0.0,35,male,15,True,9,12,0,6.90875477931522,False,False,True,college,0
xqd20160385,COLLECTION,1000,30,2016-09-11,2016-10-10,59.0,29,male,30,True,9,11,6,6.90875477931522,True,False,False,High School or Below,0
xqd20160194,PAIDOFF,1000,30,2016-09-12,2016-10-11,0.0,27,female,30,True,9,12,0,6.90875477931522,True,False,False,High School or Below,1
xqd20160322,COLLECTION,1000,30,2016-09-10,2016-10-09,60.0,28,male,30,True,9,10,5,6.90875477931522,True,False,False,High School or Below,0
xqd20160481,COLLECTION_PAIDOFF,1000,15,2016-09-12,2016-09-26,29.0,30,male,15,True,9,12,0,6.90875477931522,False,False,False,Bechalor,0
xqd20160086,PAIDOFF,1000,30,2016-09-11,2016-11-09,0.0,33,male,60,False,9,11,6,6.90875477931522,False,False,True,college,0
xqd20160242,PAIDOFF,1000,15,2016-09-12,2016-09-26,0.0,29,female,15,True,9,12,0,6.90875477931522,True,False,False,High School or Below,1
xqd20160080,PAIDOFF,1000,30,2016-09-11,2016-10-10,0.0,44,female,30,True,9,11,6,6.90875477931522,True,False,False,High School or Below,1
xqd20160444,COLLECTION_PAIDOFF,1000,30,2016-09-11,2016-10-10,28.0,26,female,30,True,9,11,6,6.90875477931522,False,False,True,college,1
xqd20160346,COLLECTION,1000,30,2016-09-11,2016-10-10,59.0,27,male,30,True,9,11,6,6.90875477931522,True,False,False,High School or Below,0
xqd20160033,PAIDOFF,1000,30,2016-09-11,2016-10-10,0.0,27,male,30,True,9,11,6,6.90875477931522,False,False,True,college,0
xqd20160426,COLLECTION_PAIDOFF,1000,30,2016-09-11,2016-10-10,24.0,32,male,30,True,9,11,6,6.90875477931522,False,False,False,Bechalor,0
xqd20160216,PAIDOFF,1000,30,2016-09-12,2016-11-10,0.0,29,female,60,False,9,12,0,6.90875477931522,False,False,True,college,1
xqd20160500,COLLECTION_PAIDOFF,1000,30,2016-09-12,2016-10-11,8.0,28,male,30,True,9,12,0,6.90875477931522,True,False,False,High School or Below,0
xqd20160434,COLLECTION_PAIDOFF,1000,30,2016-09-11,2016-10-10,2.0,29,male,30,True,9,11,6,6.90875477931522,False,False,True,college,0
xqd20160246,PAIDOFF,1000,30,2016-09-13,2016-10-12,0.0,19,female,30,True,9,13,1,6.90875477931522,True,False,False,High School or Below,1
xqd20110409,COLLECTION_PAIDOFF,1000,30,2016-09-10,2016-10-09,44.0,28,male,30,True,9,10,5,6.90875477931522,True,False,False,High School or Below,0
xqd20160047,PAIDOFF,1000,30,2016-09-11,2016-10-10,0.0,22,male,30,True,9,11,6,6.90875477931522,True,False,False,High School or Below,0
xqd20160315,COLLECTION,1000,30,2016-09-10,2016-10-09,60.0,24,male,30,True,9,10,5,6.90875477931522,False,False,True,college,0
xqd20160196,PAIDOFF,1000,30,2016-09-12,2016-10-11,0.0,24,male,30,True,9,12,0,6.90875477931522,False,False,True,college,0
xqd20160217,PAIDOFF,1000,15,2016-09-12,2016-09-26,0.0,50,male,15,True,9,12,0,6.90875477931522,True,False,False,High School or Below,0
xqd20160183,PAIDOFF,1000,30,2016-09-12,2016-10-11,0.0,35,male,30,True,9,12,0,6.90875477931522,True,False,False,High School or Below,0
xqd20160288,PAIDOFF,1000,30,2016-09-14,2016-10-13,0.0,38,female,30,True,9,14,2,6.90875477931522,True,False,False,High School or Below,1
xqd20160207,PAIDOFF,1000,30,2016-09-12,2016-11-10,0.0,26,male,60,False,9,12,0,6.90875477931522,False,False,True,college,0
xqd20160225,PAIDOFF,1000,30,2016-09-12,2016-10-11,0.0,33,male,30,True,9,12,0,6.90875477931522,False,False,False,Bechalor,0
xqd20160271,PAIDOFF,1000,30,2016-09-14,2016-10-13,0.0,29,male,30,True,9,14,2,6.90875477931522,True,False,False,High School or Below,0
xqd20160386,COLLECTION,1000,30,2016-09-11,2016-11-09,29.0,26,male,60,False,9,11,6,6.90875477931522,True,False,False,High School or Below,0
xqd20160074,PAIDOFF,1000,15,2016-09-11,2016-09-25,0.0,34,male,15,True,9,11,6,6.90875477931522,False,False,True,college,0
xqd20160374,COLLECTION,1000,15,2016-09-11,2016-09-25,74.0,40,male,15,True,9,11,6,6.90875477931522,True,False,False,High School or Below,0
xqd20160471,COLLECTION_PAIDOFF,1000,15,2016-09-12,2016-09-26,2.0,32,male,15,True,9,12,0,6.90875477931522,True,False,False,High School or Below,0
xqd20160239,PAIDOFF,1000,15,2016-09-12,2016-10-11,0.0,29,male,30,False,9,12,0,6.90875477931522,False,False,True,college,0
xqd20160040,PAIDOFF,1000,30,2016-09-11,2016-10-10,0.0,21,male,30,True,9,11,6,6.90875477931522,False,False,False,Bechalor,0
xqd20160166,PAIDOFF,1000,30,2016-09-12,2016-11-10,0.0,24,male,60,False,9,12,0,6.90875477931522,True,False,False,High School or Below,0
xqd20160330,COLLECTION,1000,30,2016-09-11,2016-10-10,59.0,44,male,30,True,9,11,6,6.90875477931522,False,False,False,Bechalor,0
xqd20160448,COLLECTION_PAIDOFF,1000,30,2016-09-11,2016-10-10,23.0,26,male,30,True,9,11,6,6.90875477931522,False,False,True,college,0
xqd20160364,COLLECTION,1000,15,2016-09-11,2016-09-25,74.0,26,male,15,True,9,11,6,6.90875477931522,False,False,True,college,0
xqd20160273,PAIDOFF,1000,30,2016-09-14,2016-11-12,0.0,28,male,60,False,9,14,2,6.90875477931522,False,False,True,college,0
xqd20160286,PAIDOFF,1000,30,2016-09-14,2016-11-12,0.0,34,male,60,False,9,14,2,6.90875477931522,False,False,False,Bechalor,0
xqd20160260,PAIDOFF,1000,30,2016-09-13,2016-10-12,0.0,19,male,30,True,9,13,1,6.90875477931522,True,False,False,High School or Below,0
xqd20160457,COLLECTION_PAIDOFF,1000,30,2016-09-12,2016-10-11,38.0,25,male,30,True,9,12,0,6.90875477931522,False,False,True,college,0
xqd20160393,COLLECTION,1000,30,2016-09-11,2016-10-10,59.0,29,female,30,True,9,11,6,6.90875477931522,False,False,True,college,1
xqd12160159,PAIDOFF,1000,15,2016-09-12,2016-09-26,0.0,28,female,15,True,9,12,0,6.90875477931522,False,False,True,college,1
xqd20160313,COLLECTION,1000,30,2016-09-10,2016-10-09,60.0,27,male,30,True,9,10,5,6.90875477931522,True,False,False,High School or Below,0
xqd20160495,COLLECTION_PAIDOFF,1000,30,2016-09-12,2016-10-11,2.0,30,male,30,True,9,12,0,6.90875477931522,True,False,False,High School or Below,0
xqd20160441,COLLECTION_PAIDOFF,1000,30,2016-09-11,2016-10-10,14.0,30,male,30,True,9,11,6,6.90875477931522,False,False,True,college,0
xqd20160037,PAIDOFF,1000,30,2016-09-11,2016-10-10,0.0,27,male,30,True,9,11,6,6.90875477931522,True,False,False,High School or Below,0
xqd20160372,COLLECTION,1000,30,2016-09-11,2016-10-10,59.0,18,male,30,True,9,11,6,6.90875477931522,False,False,True,college,0
xqd20160308,COLLECTION,1000,30,2016-09-10,2016-10-09,60.0,40,male,30,True,9,10,5,6.90875477931522,True,False,False,High School or Below,0
xqd20160497,COLLECTION_PAIDOFF,1000,15,2016-09-12,2016-09-26,14.0,26,male,15,True,9,12,0,6.90875477931522,True,False,False,High School or Below,0
xqd20160455,COLLECTION_PAIDOFF,1000,30,2016-09-12,2016-10-11,6.0,35,male,30,True,9,12,0,6.90875477931522,True,False,False,High School or Below,0
xqd20160378,COLLECTION,1000,30,2016-09-11,2016-10-10,59.0,33,male,30,True,9,11,6,6.90875477931522,False,False,True,college,0
xqd20182575,COLLECTION,1000,30,2016-09-11,2016-10-10,59.0,29,male,30,True,9,11,6,6.90875477931522,False,False,True,college,0
xqd20160174,PAIDOFF,1000,30,2016-09-12,2016-10-11,0.0,24,male,30,True,9,12,0,6.90875477931522,False,False,True,college,0
xqd56160140,PAIDOFF,1000,30,2016-09-11,2016-10-10,0.0,20,male,30,True,9,11,6,6.90875477931522,True,False,False,High School or Below,0
xqd20160032,PAIDOFF,1000,30,2016-09-11,2016-10-10,0.0,37,male,30,True,9,11,6,6.90875477931522,False,False,True,college,0
xqd20160264,PAIDOFF,1000,15,2016-09-13,2016-09-27,0.0,30,male,15,True,9,13,1,6.90875477931522,True,False,False,High School or Below,0
xqd20160424,COLLECTION_PAIDOFF,1000,15,2016-09-11,2016-10-10,2.0,24,male,30,False,9,11,6,6.90875477931522,False,False,True,college,0
xqd20420447,COLLECTION_PAIDOFF,1000,30,2016-09-11,2016-10-10,25.0,31,male,30,True,9,11,6,6.90875477931522,False,False,True,college,0
xqd20160428,COLLECTION_PAIDOFF,1000,30,2016-09-11,2016-10-10,2.0,27,female,30,True,9,11,6,6.90875477931522,False,False,True,college,1
xqd20160354,COLLECTION,1000,30,2016-09-11,2016-10-10,59.0,41,male,30,True,9,11,6,6.90875477931522,True,False,False,High School or Below,0
xqd20160422,COLLECTION_PAIDOFF,1000,30,2016-09-11,2016-10-10,2.0,33,male,30,True,9,11,6,6.90875477931522,False,False,True,college,0
xqd20160380,COLLECTION,1000,30,2016-09-11,2016-10-10,59.0,32,male,30,True,9,11,6,6.90875477931522,False,False,True,college,0
xqd20160133,PAIDOFF,1000,30,2016-09-11,2016-10-10,0.0,26,male,30,True,9,11,6,6.90875477931522,True,False,False,High School or Below,0
xqd20160314,COLLECTION,1000,30,2016-09-10,2016-10-09,60.0,20,male,30,True,9,10,5,6.90875477931522,True,False,False,High School or Below,0
xqd20160485,COLLECTION_PAIDOFF,1000,30,2016-09-12,2016-10-11,4.0,26,male,30,True,9,12,0,6.90875477931522,False,False,True,college,0
xqd20160100,PAIDOFF,1000,30,2016-09-11,2016-10-10,0.0,31,female,30,True,9,11,6,6.90875477931522,False,False,False,Bechalor,1
xqd20160389,COLLECTION,1000,15,2016-09-11,2016-09-25,74.0,38,male,15,True,9,11,6,6.90875477931522,False,False,False,Bechalor,0
xqd20160366,COLLECTION,1000,30,2016-09-11,2016-10-10,59.0,27,female,30,True,9,11,6,6.90875477931522,True,False,False,High School or Below,1
xqd20160156,PAIDOFF,1000,30,2016-09-12,2016-10-11,0.0,36,female,30,True,9,12,0,6.90875477931522,True,False,False,High School or Below,1
xqd20160472,COLLECTION_PAIDOFF,1000,30,2016-09-12,2016-10-11,24.0,27,male,30,True,9,12,0,6.90875477931522,False,False,False,Bechalor,0
xqd20160070,PAIDOFF,1000,30,2016-09-11,2016-10-10,0.0,43,male,30,True,9,11,6,6.90875477931522,False,False,False,Bechalor,0
xqd20160206,PAIDOFF,1000,7,2016-09-12,2016-09-18,0.0,26,female,7,True,9,12,0,6.90875477931522,False,False,False,Bechalor,1
xqd20160496,COLLECTION_PAIDOFF,1000,30,2016-09-12,2016-10-11,3.0,28,male,30,True,9,12,0,6.90875477931522,True,False,False,High School or Below,0
xqd20160220,PAIDOFF,1000,30,2016-09-12,2016-10-11,0.0,29,male,30,True,9,12,0,6.90875477931522,True,False,False,High School or Below,0
xqd20160180,PAIDOFF,1000,30,2016-09-12,2016-10-11,0.0,46,male,30,True,9,12,0,6.90875477931522,False,False,True,college,0
xqd20160404,COLLECTION_PAIDOFF,1000,15,2016-09-09,2016-09-23,5.0,29,male,15,True,9,9,4,6.90875477931522,False,False,False,Bechalor,0
xqd20160026,PAIDOFF,1000,30,2016-09-10,2016-10-09,0.0,29,male,30,True,9,10,5,6.90875477931522,True,False,False,High School or Below,0
xqd20160187,PAIDOFF,1000,30,2016-09-12,2016-10-11,0.0,33,male,30,True,9,12,0,6.90875477931522,False,False,False,Bechalor,0
xqd20160113,PAIDOFF,1000,30,2016-09-11,2016-10-10,0.0,27,male,30,True,9,11,6,6.90875477931522,False,False,True,college,0
xqd20160323,COLLECTION,1000,30,2016-09-10,2016-10-09,60.0,37,male,30,True,9,10,5,6.90875477931522,False,False,True,college,0
xqd20160161,PAIDOFF,1000,15,2016-09-12,2016-09-26,0.0,24,male,15,True,9,12,0,6.90875477931522,True,False,False,High School or Below,0
xqd20160201,PAIDOFF,1000,15,2016-09-12,2016-09-26,0.0,30,male,15,True,9,12,0,6.90875477931522,False,False,True,college,0
xqd20160440,COLLECTION_PAIDOFF,1000,30,2016-09-11,2016-11-09,5.0,24,male,60,False,9,11,6,6.90875477931522,False,False,True,college,0
xqd20160045,PAIDOFF,1000,15,2016-09-11,2016-09-25,0.0,24,female,15,True,9,11,6,6.90875477931522,False,False,False,Bechalor,1
xqd20160022,PAIDOFF,1000,30,2016-09-10,2016-10-09,0.0,43,female,30,True,9,10,5,6.90875477931522,True,False,False,High School or Below,1
xqd20160436,COLLECTION_PAIDOFF,1000,30,2016-09-11,2016-10-10,1.0,29,male,30,True,9,11,6,6.90875477931522,False,False,False,Bechalor,0
xqd20160294,PAIDOFF,1000,30,2016-09-14,2016-10-13,0.0,37,male,30,True,9,14,2,6.90875477931522,True,False,False,High School or Below,0
xqd20160125,PAIDOFF,1000,30,2016-09-11,2016-10-10,0.0,33,male,30,True,9,11,6,6.90875477931522,False,False,True,college,0
xqd20160131,PAIDOFF,1000,15,2016-09-11,2016-09-25,0.0,26,male,15,True,9,11,6,6.90875477931522,True,False,False,High School or Below,0
xqd20160139,PAIDOFF,1000,15,2016-09-11,2016-09-25,0.0,47,male,15,True,9,11,6,6.90875477931522,True,False,False,High School or Below,0
xqd20197340,COLLECTION,1000,30,2016-09-11,2016-10-10,59.0,30,male,30,True,9,11,6,6.90875477931522,False,False,True,college,0
xqd20160043,PAIDOFF,1000,7,2016-09-11,2016-09-24,0.0,31,male,14,False,9,11,6,6.90875477931522,False,False,False,Bechalor,0
xqd20160255,PAIDOFF,1000,30,2016-09-13,2016-10-12,0.0,32,male,30,True,9,13,1,6.90875477931522,False,False,True,college,0
xqd20160439,COLLECTION_PAIDOFF,1000,30,2016-09-11,2016-10-10,7.0,25,female,30,True,9,11,6,6.90875477931522,False,False,True,college,1
xqd20160145,PAIDOFF,1000,30,2016-09-11,2016-10-10,0.0,30,male,30,True,9,11,6,6.90875477931522,True,False,False,High School or Below,0
xqd20160157,PAIDOFF,1000,15,2016-09-12,2016-09-26,0.0,26,male,15,True,9,12,0,6.90875477931522,False,False,False,Bechalor,0
xqd20160381,COLLECTION,1000,30,2016-09-11,2016-10-10,59.0,25,male,30,True,9,11,6,6.90875477931522,True,False,False,High School or Below,0
xqd20160226,PAIDOFF,1000,30,2016-09-12,2016-10-11,0.0,26,male,30,True,9,12,0,6.90875477931522,True,False,False,High School or Below,0
xqd20160317,COLLECTION,1000,30,2016-09-10,2016-10-09,60.0,30,male,30,True,9,10,5,6.90875477931522,True,False,False,High School or Below,0
xqd20160146,PAIDOFF,1000,15,2016-09-11,2016-09-25,0.0,31,male,15,True,9,11,6,6.90875477931522,False,False,True,college,0
xqd20160355,COLLECTION,1000,30,2016-09-11,2016-10-10,59.0,37,male,30,True,9,11,6,6.90875477931522,True,False,False,High School or Below,0
xqd20160339,COLLECTION,1000,15,2016-09-11,2016-09-25,74.0,27,female,15,True,9,11,6,6.90875477931522,False,False,True,college,1
xqd20160420,COLLECTION_PAIDOFF,1000,30,2016-09-11,2016-10-10,25.0,33,male,30,True,9,11,6,6.90875477931522,True,False,False,High School or Below,0
xqd20160478,COLLECTION_PAIDOFF,1000,30,2016-09-12,2016-10-11,9.0,27,male,30,True,9,12,0,6.90875477931522,False,False,True,college,0
xqd20160115,PAIDOFF,1000,30,2016-09-11,2016-10-10,0.0,28,male,30,True,9,11,6,6.90875477931522,False,False,True,college,0
xqd20160287,PAIDOFF,1000,30,2016-09-14,2016-10-13,0.0,29,male,30,True,9,14,2,6.90875477931522,False,False,True,college,0
xqd20160030,PAIDOFF,1000,30,2016-09-11,2016-10-10,0.0,33,male,30,True,9,11,6,6.90875477931522,False,False,True,college,0
xqd20160208,PAIDOFF,1000,30,2016-09-12,2016-10-11,0.0,27,male,30,True,9,12,0,6.90875477931522,False,False,True,college,0
xqd20160054,PAIDOFF,1000,30,2016-09-11,2016-10-10,0.0,34,male,30,True,9,11,6,6.90875477931522,True,False,False,High School or Below,0
xqd20160119,PAIDOFF,1000,30,2016-09-11,2016-10-10,0.0,35,male,30,True,9,11,6,6.90875477931522,False,False,False,Bechalor,0
xqd20160266,PAIDOFF,1000,15,2016-09-13,2016-09-27,0.0,34,female,15,True,9,13,1,6.90875477931522,False,False,False,Bechalor,1
xqd20160236,PAIDOFF,1000,30,2016-09-12,2016-10-11,0.0,30,male,30,True,9,12,0,6.90875477931522,True,False,False,High School or Below,0
xqd20160370,COLLECTION,1000,30,2016-09-11,2016-10-10,59.0,37,male,30,True,9,11,6,6.90875477931522,True,False,False,High School or Below,0
xqd20160167,PAIDOFF,1000,30,2016-09-12,2016-10-11,0.0,28,male,30,True,9,12,0,6.90875477931522,False,False,True,college,0
xqd20160275,PAIDOFF,1000,30,2016-09-14,2016-10-13,0.0,30,male,30,True,9,14,2,6.90875477931522,False,False,False,Bechalor,0
xqd20160319,COLLECTION,1000,30,2016-09-10,2016-10-09,60.0,22,male,30,True,9,10,5,6.90875477931522,False,False,False,Bechalor,0
xqd20160063,PAIDOFF,1000,30,2016-09-11,2016-10-10,0.0,34,male,30,True,9,11,6,6.90875477931522,True,False,False,High School or Below,0
xqd20160192,PAIDOFF,1000,30,2016-09-12,2016-10-11,0.0,30,male,30,True,9,12,0,6.90875477931522,True,False,False,High School or Below,0
xqd20175721,COLLECTION,1000,15,2016-09-11,2016-09-25,74.0,30,male,15,True,9,11,6,6.90875477931522,False,False,False,Bechalor,0
xqd20160062,PAIDOFF,1000,15,2016-09-11,2016-09-25,0.0,37,male,15,True,9,11,6,6.90875477931522,False,False,True,college,0
xqd20160064,PAIDOFF,1000,30,2016-09-11,2016-10-10,0.0,45,male,30,True,9,11,6,6.90875477931522,False,False,True,college,0
xqd20160039,PAIDOFF,1000,15,2016-09-11,2016-09-25,0.0,24,male,15,True,9,11,6,6.90875477931522,False,False,True,college,0
xqd20160390,COLLECTION,1000,15,2016-09-11,2016-10-25,44.0,32,male,45,False,9,11,6,6.90875477931522,True,False,False,High School or Below,0
xqd20160343,COLLECTION,1000,15,2016-09-11,2016-09-25,74.0,50,male,15,True,9,11,6,6.90875477931522,False,True,False,Master or Above,0
xqd20160338,COLLECTION,1000,30,2016-09-11,2016-10-10,59.0,23,male,30,True,9,11,6,6.90875477931522,True,False,False,High School or Below,0
xqd20169083,COLLECTION_PAIDOFF,1000,15,2016-09-11,2016-09-25,1.0,38,male,15,True,9,11,6,6.90875477931522,False,False,True,college,0
xqd20160117,PAIDOFF,1000,30,2016-09-11,2016-10-10,0.0,40,male,30,True,9,11,6,6.90875477931522,False,False,True,college,0
xqd20160203,PAIDOFF,1000,15,2016-09-12,2016-09-26,0.0,36,male,15,True,9,12,0,6.90875477931522,True,False,False,High School or Below,0
xqd20160199,PAIDOFF,1000,30,2016-09-12,2016-10-11,0.0,29,male,30,True,9,12,0,6.90875477931522,True,False,False,High School or Below,0
xqd20160083,PAIDOFF,1000,15,2016-09-11,2016-09-25,0.0,29,male,15,True,9,11,6,6.90875477931522,False,False,True,college,0
xqd20160408,COLLECTION_PAIDOFF,1000,30,2016-09-10,2016-10-09,27.0,26,male,30,True,9,10,5,6.90875477931522,True,False,False,High School or Below,0
xqd20160103,PAIDOFF,1000,30,2016-09-11,2016-10-10,0.0,30,male,30,True,9,11,6,6.90875477931522,False,False,True,college,0
xqd20160172,PAIDOFF,1000,30,2016-09-12,2016-10-11,0.0,29,male,30,True,9,12,0,6.90875477931522,False,False,True,college,0
xqd20151038,COLLECTION,1000,15,2016-09-11,2016-09-25,74.0,30,male,15,True,9,11,6,6.90875477931522,False,False,True,college,0
xqd20160283,PAIDOFF,1000,30,2016-09-14,2016-10-13,0.0,30,male,30,True,9,14,2,6.90875477931522,False,False,True,college,0
xqd20160435,COLLECTION_PAIDOFF,1000,30,2016-09-11,2016-10-10,1.0,34,male,30,True,9,11,6,6.90875477931522,False,False,False,Bechalor,0
xqd20160399,COLLECTION,1000,30,2016-09-12,2016-11-10,28.0,28,male,60,False,9,12,0,6.90875477931522,False,False,True,college,0
xqd20160352,COLLECTION,1000,15,2016-09-11,2016-09-25,74.0,25,male,15,True,9,11,6,6.90875477931522,False,False,True,college,0
xqd20160394,COLLECTION,1000,30,2016-09-11,2016-11-09,29.0,26,male,60,False,9,11,6,6.90875477931522,False,False,True,college,0
xqd20160110,PAIDOFF,1000,7,2016-09-11,2016-09-24,0.0,29,male,14,False,9,11,6,6.90875477931522,False,False,True,college,0
xqd20160320,COLLECTION,1000,15,2016-09-10,2016-09-24,75.0,24,male,15,True,9,10,5,6.90875477931522,False,False,False,Bechalor,0
xqd20160021,PAIDOFF,1000,30,2016-09-10,2016-10-09,0.0,26,male,30,True,9,10,5,6.90875477931522,False,False,True,college,0
xqd20160328,COLLECTION,1000,30,2016-09-11,2016-11-09,29.0,27,male,60,False,9,11,6,6.90875477931522,False,False,True,college,0
xqd20160321,COLLECTION,1000,30,2016-09-10,2016-10-09,60.0,25,male,30,True,9,10,5,6.90875477931522,False,False,True,college,0
xqd78160129,PAIDOFF,1000,15,2016-09-11,2016-09-25,0.0,34,male,15,True,9,11,6,6.90875477931522,False,False,False,Bechalor,0
xqd20160233,PAIDOFF,1000,30,2016-09-12,2016-10-11,0.0,37,male,30,True,9,12,0,6.90875477931522,False,False,True,college,0
xqd20160061,PAIDOFF,1000,30,2016-09-11,2016-10-10,0.0,34,male,30,True,9,11,6,6.90875477931522,False,False,False,Bechalor,0
xqd20160252,PAIDOFF,1000,30,2016-09-13,2016-10-12,0.0,29,male,30,True,9,13,1,6.90875477931522,False,False,True,college,0
xqd20160044,PAIDOFF,1000,15,2016-09-11,2016-09-25,0.0,30,male,15,True,9,11,6,6.90875477931522,False,False,True,college,0
xqd20160191,PAIDOFF,1000,30,2016-09-12,2016-10-11,0.0,32,male,30,True,9,12,0,6.90875477931522,False,False,True,college,0
xqd20160331,COLLECTION,1000,15,2016-09-11,2016-10-25,44.0,31,male,45,False,9,11,6,6.90875477931522,False,False,True,college,0
xqd20160298,PAIDOFF,1000,30,2016-09-14,2016-10-13,0.0,29,male,30,True,9,14,2,6.90875477931522,True,False,False,High School or Below,0
xqd20160295,PAIDOFF,1000,30,2016-09-14,2016-10-13,0.0,36,male,30,True,9,14,2,6.90875477931522,False,False,False,Bechalor,0
xqd20160482,COLLECTION_PAIDOFF,1000,15,2016-09-12,2016-09-26,3.0,27,male,15,True,9,12,0,6.90875477931522,True,False,False,High School or Below,0
xqd20160219,PAIDOFF,1000,15,2016-09-12,2016-09-26,0.0,31,male,15,True,9,12,0,6.90875477931522,True,False,False,High School or Below,0
xqd20160078,PAIDOFF,1000,30,2016-09-11,2016-10-10,0.0,35,male,30,True,9,11,6,6.90875477931522,False,False,True,college,0
xqd20160285,PAIDOFF,1000,15,2016-09-14,2016-09-28,0.0,24,male,15,True,9,14,2,6.90875477931522,False,False,False,Bechalor,0
xqd20160126,PAIDOFF,1000,30,2016-09-11,2016-10-10,0.0,26,male,30,True,9,11,6,6.90875477931522,False,False,True,college,0
xqd20160114,PAIDOFF,1000,30,2016-09-11,2016-10-10,0.0,33,male,30,True,9,11,6,6.90875477931522,False,False,True,college,0
xqd20880425,COLLECTION_PAIDOFF,1000,30,2016-09-11,2016-11-09,1.0,27,male,60,False,9,11,6,6.90875477931522,True,False,False,High School or Below,0
xqd20160052,PAIDOFF,1000,30,2016-09-11,2016-10-10,0.0,35,female,30,True,9,11,6,6.90875477931522,False,False,False,Bechalor,1
xqd20160127,PAIDOFF,1000,15,2016-09-11,2016-09-25,0.0,28,male,15,True,9,11,6,6.90875477931522,True,False,False,High School or Below,0
xqd20160325,COLLECTION,1000,15,2016-09-10,2016-09-24,75.0,34,male,15,True,9,10,5,6.90875477931522,False,False,True,college,0
xqd20160432,COLLECTION_PAIDOFF,1000,15,2016-09-11,2016-09-25,4.0,33,male,15,True,9,11,6,6.90875477931522,False,False,True,college,0
xqd20160299,PAIDOFF,1000,30,2016-09-14,2016-10-13,0.0,40,male,30,True,9,14,2,6.90875477931522,True,False,False,High School or Below,0
xqd20160412,COLLECTION_PAIDOFF,1000,30,2016-09-10,2016-10-09,27.0,21,male,30,True,9,10,5,6.90875477931522,False,False,True,college,0
xqd20160337,COLLECTION,1000,30,2016-09-11,2016-10-10,59.0,31,male,30,True,9,11,6,6.90875477931522,False,False,True,college,0
xqd20160384,COLLECTION,1000,30,2016-09-11,2016-10-10,59.0,26,male,30,True,9,11,6,6.90875477931522,True,False,False,High School or Below,0
xqd20160098,PAIDOFF,1000,30,2016-09-11,2016-10-10,0.0,34,male,30,True,9,11,6,6.90875477931522,False,False,True,college,0
xqd20168902,PAIDOFF,1000,30,2016-09-08,2016-10-07,0.0,50,female,30,True,9,8,3,6.90875477931522,False,False,False,Bechalor,1
xqd20160309,COLLECTION,1000,30,2016-09-10,2016-10-09,60.0,33,male,30,True,9,10,5,6.90875477931522,False,False,True,college,0
xqd20160143,PAIDOFF,1000,7,2016-09-11,2016-09-17,0.0,27,male,7,True,9,11,6,6.90875477931522,True,False,False,High School or Below,0
xqd20160107,PAIDOFF,1000,30,2016-09-11,2016-10-10,0.0,31,male,30,True,9,11,6,6.90875477931522,True,False,False,High School or Below,0
xqd20160231,PAIDOFF,1000,15,2016-09-12,2016-10-26,0.0,27,male,45,False,9,12,0,6.90875477931522,False,False,True,college,0
xqd20160360,COLLECTION,1000,30,2016-09-11,2016-10-10,59.0,28,male,30,True,9,11,6,6.90875477931522,True,False,False,High School or Below,0
xqd20160134,PAIDOFF,1000,30,2016-09-11,2016-10-10,0.0,33,female,30,True,9,11,6,6.90875477931522,False,False,True,college,1
xqd20160462,COLLECTION_PAIDOFF,1000,30,2016-09-12,2016-11-10,7.0,38,male,60,False,9,12,0,6.90875477931522,True,False,False,High School or Below,0
xqd20160105,PAIDOFF,1000,15,2016-09-11,2016-09-25,0.0,35,male,15,True,9,11,6,6.90875477931522,False,False,True,college,0
xqd20160241,PAIDOFF,1000,30,2016-09-12,2016-10-11,0.0,32,male,30,True,9,12,0,6.90875477931522,True,False,False,High School or Below,0
xqd20160494,COLLECTION_PAIDOFF,1000,15,2016-09-12,2016-09-26,3.0,29,male,15,True,9,12,0,6.90875477931522,False,False,True,college,0
xqd25660470,COLLECTION_PAIDOFF,1000,30,2016-09-12,2016-10-11,52.0,26,male,30,True,9,12,0,6.90875477931522,True,False,False,High School or Below,0
xqd20160088,PAIDOFF,1000,30,2016-09-11,2016-10-10,0.0,27,female,30,True,9,11,6,6.90875477931522,False,False,True,college,1
xqd20160212,PAIDOFF,1000,30,2016-09-12,2016-10-11,0.0,30,male,30,True,9,12,0,6.90875477931522,True,False,False,High School or Below,0
xqd20160005,PAIDOFF,1000,30,2016-09-09,2016-10-08,0.0,28,female,30,True,9,9,4,6.90875477931522,False,False,True,college,1
xqd20160097,PAIDOFF,1000,15,2016-09-11,2016-09-25,0.0,26,male,15,True,9,11,6,6.90875477931522,True,False,False,High School or Below,0
xqd20160019,PAIDOFF,1000,30,2016-09-10,2016-10-09,0.0,32,male,30,True,9,10,5,6.90875477931522,True,False,False,High School or Below,0
xqd20160056,PAIDOFF,1000,15,2016-09-11,2016-09-25,0.0,25,male,15,True,9,11,6,6.90875477931522,False,False,True,college,0
xqd20160429,COLLECTION_PAIDOFF,1000,30,2016-09-11,2016-10-10,2.0,35,male,30,True,9,11,6,6.90875477931522,True,False,False,High School or Below,0
xqd20160493,COLLECTION_PAIDOFF,1000,30,2016-09-12,2016-10-11,14.0,27,male,30,True,9,12,0,6.90875477931522,False,False,False,Bechalor,0
xqd20160202,PAIDOFF,1000,30,2016-09-12,2016-10-11,0.0,26,female,30,True,9,12,0,6.90875477931522,True,False,False,High School or Below,1
xqd20160301,COLLECTION,1000,15,2016-09-09,2016-09-23,76.0,29,male,15,True,9,9,4,6.90875477931522,False,False,True,college,0
xqd20160334,COLLECTION,1000,30,2016-09-11,2016-10-10,59.0,30,female,30,True,9,11,6,6.90875477931522,True,False,False,High School or Below,1
xqd20870464,COLLECTION_PAIDOFF,1000,15,2016-09-12,2016-09-26,4.0,37,male,15,True,9,12,0,6.90875477931522,False,False,False,Bechalor,0
xqd20160122,PAIDOFF,1000,30,2016-09-11,2016-10-10,0.0,22,male,30,True,9,11,6,6.90875477931522,True,False,False,High School or Below,0
xqd20160427,COLLECTION_PAIDOFF,1000,30,2016-09-11,2016-10-10,1.0,33,male,30,True,9,11,6,6.90875477931522,False,False,True,college,0
xqd20160456,COLLECTION_PAIDOFF,1000,15,2016-09-12,2016-09-26,2.0,37,male,15,True,9,12,0,6.90875477931522,False,False,True,college,0
xqd20160240,PAIDOFF,1000,15,2016-09-12,2016-09-26,0.0,36,male,15,True,9,12,0,6.90875477931522,True,False,False,High School or Below,0
xqd20160467,COLLECTION_PAIDOFF,1000,30,2016-09-12,2016-10-11,4.0,26,male,30,True,9,12,0,6.90875477931522,True,False,False,High School or Below,0
xqd20160359,COLLECTION,1000,30,2016-09-11,2016-10-10,59.0,32,male,30,True,9,11,6,6.90875477931522,False,False,True,college,0
xqd20160349,COLLECTION,1000,30,2016-09-11,2016-10-10,59.0,32,male,30,True,9,11,6,6.90875477931522,True,False,False,High School or Below,0
xqd20160003,PAIDOFF,1000,30,2016-09-08,2016-10-07,0.0,33,female,30,True,9,8,3,6.90875477931522,False,False,False,Bechalor,1
xqd20160108,PAIDOFF,1000,30,2016-09-11,2016-10-10,0.0,31,male,30,True,9,11,6,6.90875477931522,True,False,False,High School or Below,0
xqd20160451,COLLECTION_PAIDOFF,1000,30,2016-09-11,2016-10-10,3.0,38,male,30,True,9,11,6,6.90875477931522,False,False,True,college,0
xqd20160049,PAIDOFF,1000,30,2016-09-11,2016-10-10,0.0,32,male,30,True,9,11,6,6.90875477931522,False,False,False,Bechalor,0
xqd20160449,COLLECTION_PAIDOFF,1000,30,2016-09-11,2016-10-10,3.0,25,male,30,True,9,11,6,6.90875477931522,True,False,False,High School or Below,0
xqd22169034,PAIDOFF,1000,30,2016-09-11,2016-10-10,0.0,37,male,30,True,9,11,6,6.90875477931522,False,False,True,college,0
xqd20160188,PAIDOFF,1000,15,2016-09-12,2016-09-26,0.0,34,male,15,True,9,12,0,6.90875477931522,True,False,False,High School or Below,0
xqd20160369,COLLECTION,1000,30,2016-09-11,2016-10-10,59.0,24,male,30,True,9,11,6,6.90875477931522,False,False,True,college,0
xqd20160138,PAIDOFF,1000,15,2016-09-11,2016-10-25,0.0,22,male,45,False,9,11,6,6.90875477931522,False,False,True,college,0
xqd20160450,COLLECTION_PAIDOFF,1000,30,2016-09-11,2016-10-10,1.0,29,male,30,True,9,11,6,6.90875477931522,False,False,True,college,0
xqd20160306,COLLECTION,1000,15,2016-09-10,2016-09-24,75.0,31,female,15,True,9,10,5,6.90875477931522,True,False,False,High School or Below,1
xqd20160232,PAIDOFF,1000,7,2016-09-12,2016-09-25,0.0,34,female,14,False,9,12,0,6.90875477931522,False,False,True,college,1
xqd20160096,PAIDOFF,1000,30,2016-09-11,2016-10-10,0.0,36,male,30,True,9,11,6,6.90875477931522,False,False,True,college,0
xqd20160311,COLLECTION,1000,30,2016-09-10,2016-10-09,60.0,30,male,30,True,9,10,5,6.90875477931522,False,False,True,college,0
xqd20160250,PAIDOFF,1000,15,2016-09-13,2016-09-27,0.0,35,female,15,True,9,13,1,6.90875477931522,False,False,False,Bechalor,1
xqd20160344,COLLECTION,1000,30,2016-09-11,2016-10-10,59.0,23,male,30,True,9,11,6,6.90875477931522,True,False,False,High School or Below,0
xqd20160160,PAIDOFF,1000,30,2016-09-12,2016-10-11,0.0,27,male,30,True,9,12,0,6.90875477931522,True,False,False,High School or Below,0
xqd20160397,COLLECTION,1000,30,2016-09-12,2016-10-11,58.0,33,male,30,True,9,12,0,6.90875477931522,True,False,False,High School or Below,0
xqd20160333,COLLECTION,1000,30,2016-09-11,2016-10-10,59.0,21,male,30,True,9,11,6,6.90875477931522,True,False,False,High School or Below,0
xqd20160361,COLLECTION,1000,30,2016-09-11,2016-10-10,59.0,34,male,30,True,9,11,6,6.90875477931522,False,False,True,college,0
xqd20160214,PAIDOFF,1000,30,2016-09-12,2016-10-11,0.0,27,male,30,True,9,12,0,6.90875477931522,True,False,False,High School or Below,0
xqd20160909,PAIDOFF,1000,30,2016-09-09,2016-10-08,0.0,28,male,30,True,9,9,4,6.90875477931522,False,False,True,college,0
xqd20160291,PAIDOFF,1000,15,2016-09-14,2016-09-28,0.0,30,female,15,True,9,14,2,6.90875477931522,False,False,True,college,1
xqd20160149,PAIDOFF,1000,15,2016-09-12,2016-09-26,0.0,26,male,15,True,9,12,0,6.90875477931522,False,False,False,Bechalor,0
xqd20160421,COLLECTION_PAIDOFF,1000,15,2016-09-11,2016-09-25,3.0,47,female,15,True,9,11,6,6.90875477931522,True,False,False,High School or Below,1
xqd20160193,PAIDOFF,1000,15,2016-09-12,2016-09-26,0.0,25,female,15,True,9,12,0,6.90875477931522,True,False,False,High School or Below,1
xqd20160067,PAIDOFF,1000,30,2016-09-11,2016-10-10,0.0,28,male,30,True,9,11,6,6.90875477931522,False,False,False,Bechalor,0
xqd20160340,COLLECTION,1000,15,2016-09-11,2016-09-25,74.0,39,male,15,True,9,11,6,6.90875477931522,True,False,False,High School or Below,0
xqd20160292,PAIDOFF,1000,30,2016-09-14,2016-10-13,0.0,41,male,30,True,9,14,2,6.90875477931522,True,False,False,High School or Below,0
xqd20160402,COLLECTION_PAIDOFF,1000,15,2016-09-09,2016-09-23,4.0,28,male,15,True,9,9,4,6.90875477931522,False,False,True,college,0
xqd20160468,COLLECTION_PAIDOFF,1000,15,2016-09-12,2016-10-26,1.0,41,male,45,False,9,12,0,6.90875477931522,True,False,False,High School or Below,0
xqd20160342,COLLECTION,1000,30,2016-09-11,2016-10-10,59.0,25,male,30,True,9,11,6,6.90875477931522,False,False,True,college,0
xqd20160480,COLLECTION_PAIDOFF,1000,30,2016-09-12,2016-10-11,1.0,27,male,30,True,9,12,0,6.90875477931522,False,False,False,Bechalor,0
xqd90160092,PAIDOFF,1000,7,2016-09-11,2016-09-17,0.0,32,female,7,True,9,11,6,6.90875477931522,False,False,False,Bechalor,1
xqd20160171,PAIDOFF,1000,15,2016-09-12,2016-09-26,0.0,38,male,15,True,9,12,0,6.90875477931522,True,False,False,High School or Below,0
xqd20160476,COLLECTION_PAIDOFF,1000,30,2016-09-12,2016-10-11,29.0,35,female,30,True,9,12,0,6.90875477931522,False,False,True,college,1
xqd20160066,PAIDOFF,900,15,2016-09-11,2016-09-25,0.0,28,male,15,True,9,11,6,6.803505257608338,False,False,True,college,0
xqd20160358,COLLECTION,1000,30,2016-09-11,2016-10-10,59.0,26,male,30,True,9,11,6,6.90875477931522,False,False,False,Bechalor,0
xqd20160336,COLLECTION,1000,30,2016-09-11,2016-10-10,59.0,34,male,30,True,9,11,6,6.90875477931522,True,False,False,High School or Below,0
xqd20160015,PAIDOFF,1000,7,2016-09-10,2016-09-16,0.0,27,male,7,True,9,10,5,6.90875477931522,True,False,False,High School or Below,0
xqd20160130,PAIDOFF,1000,30,2016-09-11,2016-10-10,0.0,38,male,30,True,9,11,6,6.90875477931522,False,False,False,Bechalor,0
xqd20160013,PAIDOFF,1000,30,2016-09-10,2016-10-09,0.0,26,male,30,True,9,10,5,6.90875477931522,False,False,True,college,0
xqd20160197,PAIDOFF,1000,30,2016-09-12,2016-11-10,0.0,29,male,60,False,9,12,0,6.90875477931522,False,False,True,college,0
xqd20160293,PAIDOFF,1000,30,2016-09-14,2016-10-13,0.0,29,male,30,True,9,14,2,6.90875477931522,False,False,True,college,0
xqd20160417,COLLECTION_PAIDOFF,1000,30,2016-09-11,2016-10-10,1.0,21,female,30,True,9,11,6,6.90875477931522,False,False,True,college,1
xqd20160458,COLLECTION_PAIDOFF,1000,30,2016-09-12,2016-10-11,19.0,24,male,30,True,9,12,0,6.90875477931522,False,False,True,college,0
xqd20160007,PAIDOFF,1000,30,2016-09-09,2016-10-08,0.0,29,male,30,True,9,9,4,6.90875477931522,False,False,True,college,0
xqd20160262,PAIDOFF,1000,15,2016-09-13,2016-09-27,0.0,29,male,15,True,9,13,1,6.90875477931522,True,False,False,High School or Below,0
xqd20167095,PAIDOFF,1000,30,2016-09-11,2016-10-10,0.0,33,male,30,True,9,11,6,6.90875477931522,True,False,False,High School or Below,0
xqd20160227,PAIDOFF,1000,15,2016-09-12,2016-09-26,0.0,25,male,15,True,9,12,0,6.90875477931522,True,False,False,High School or Below,0
xqd28160164,PAIDOFF,1000,15,2016-09-12,2016-09-26,0.0,27,female,15,True,9,12,0,6.90875477931522,False,False,True,college,1
xqd20160213,PAIDOFF,1000,30,2016-09-12,2016-10-11,0.0,33,female,30,True,9,12,0,6.90875477931522,True,False,False,High School or Below,1
xqd20160391,COLLECTION,1000,15,2016-09-11,2016-09-25,74.0,30,male,15,True,9,11,6,6.90875477931522,False,False,True,college,0
xqd20160104,PAIDOFF,1000,15,2016-09-11,2016-09-25,0.0,45,male,15,True,9,11,6,6.90875477931522,True,False,False,High School or Below,0
xqd20160410,COLLECTION_PAIDOFF,1000,15,2016-09-10,2016-09-24,5.0,32,male,15,True,9,10,5,6.90875477931522,False,False,False,Bechalor,0
xqd20160076,PAIDOFF,1000,30,2016-09-11,2016-10-10,0.0,30,male,30,True,9,11,6,6.90875477931522,True,False,False,High School or Below,0
xqd20160282,PAIDOFF,1000,15,2016-09-14,2016-09-28,0.0,28,male,15,True,9,14,2,6.90875477931522,False,False,False,Bechalor,0
xqd20160490,COLLECTION_PAIDOFF,1000,30,2016-09-12,2016-10-11,1.0,36,male,30,True,9,12,0,6.90875477931522,False,False,True,college,0
